<?xml version="1.0" encoding="UTF-8"?>
<!DOCTYPE mapper PUBLIC "-//mybatis.org//DTD Mapper 3.0//EN" "http://mybatis.org/dtd/mybatis-3-mapper.dtd">
<mapper namespace="kr.or.ddit.prod.dao.IProdDAO">
	<sql id="fromClause">
		FROM PROD INNER JOIN LPROD ON (PROD_LGU = LPROD_GU)
		                INNER JOIN BUYER ON (PROD_BUYER = BUYER_ID)
	</sql>
	<sql id="searchFrag">
		<trim prefix=" WHERE " prefixOverrides="AND">
			<if test="searchDetail!=null">
				<if test="@org.apache.commons.lang3.StringUtils@isNotBlank(searchDetail.prod_lgu)">
					AND	PROD_LGU = #{searchDetail.prod_lgu}
				</if>
				<if test="@org.apache.commons.lang3.StringUtils@isNotBlank(searchDetail.prod_buyer)">
					AND	PROD_BUYER = #{searchDetail.prod_buyer}
				</if>
				<if test="@org.apache.commons.lang3.StringUtils@isNotBlank(searchDetail.prod_name)">
					AND	INSTR(PROD_NAME, #{searchDetail.prod_name}) > 0
				</if>
			</if>
		</trim>
	</sql>
	<select id="selectProdCount" parameterType="PagingVO" resultType="int">
		SELECT COUNT(*)
		<include refid="fromClause" /> 
		<include refid="searchFrag" />
	</select>
	<select id="selectProdList" parameterType="PagingVO" resultType="ProdVO">
		SELECT A.*
		FROM (
		    SELECT 
		            PROD_ID, PROD_NAME, PROD_COST
		            , PROD_PRICE, PROD_MILEAGE
		            , LPROD_NM PROD_LGU 
		            , BUYER_NAME PROD_BUYER
		            , ROWNUM RNUM
		    <include refid="fromClause" />
		    <include refid="searchFrag" />
		    ORDER BY PROD_LGU            
		) A
		WHERE RNUM BETWEEN #{startRow} AND #{endRow}
	</select>
</mapper>