<?xml version="1.0" encoding="UTF-8"?>
<!DOCTYPE mapper PUBLIC "-//mybatis.org//DTD Mapper 3.0//EN" "http://mybatis.org/dtd/mybatis-3-mapper.dtd">
<mapper namespace="kr.or.ddit.board.dao.IReplyDAO">
	<insert id="insertReply" parameterType="ReplyVO">
		<selectKey keyProperty="rep_no" resultType="int" order="BEFORE">
			SELECT NVL(MAX(REP_NO), 0) + 1 FROM REPLY
		</selectKey>
		INSERT INTO reply (
		    REP_NO,		    REP_WRITER,		    REP_DATE,
		    REP_PASS,		    REP_CONTENT,		    BO_NO,
		    REP_IP
		    <if test="rep_parent!=null and rep_parent gt 0">
		    	, REP_PARENT
		    </if>
		) VALUES (
		    #{rep_no,jdbcType=NUMERIC},		    #{rep_writer,jdbcType=VARCHAR},		    SYSDATE,
		    #{rep_pass,jdbcType=VARCHAR},		#{rep_content,jdbcType=VARCHAR},		#{bo_no,jdbcType=NUMERIC},
		    #{rep_ip,jdbcType=VARCHAR}
		    <if test="rep_parent!=null and rep_parent gt 0">
		    	, #{rep_parent,jdbcType=NUMERIC}
		    </if>
		)
	</insert>
	<sql id="whereClause">
		WHERE BO_NO = #{searchDetail.bo_no}
	</sql>
	<select id="selectReplyCount" parameterType="PagingVO" resultType="int">
		SELECT COUNT(*) FROM REPLY
		<include refid="whereClause" />  
	</select>
	<select id="selectReplyList" parameterType="PagingVO" resultType="ReplyVO">
		SELECT B.*
		FROM (
			SELECT A.*, ROWNUM RNUM 
			FROM (
				<![CDATA[
				SELECT
					REP_NO,		    REP_WRITER,		    REP_DATE,
				    DECODE(LEVEL, 1, '', LPAD('┗ ', 6*2*(LEVEL-1)+2, '&nbsp;')) || REP_CONTENT REP_CONTENT,		    
				    BO_NO, REP_IP
				    , REP_PARENT
				FROM REPLY
				]]>
				<include refid="whereClause" />  
				START WITH REP_PARENT IS NULL
				CONNECT BY PRIOR REP_NO = REP_PARENT
				ORDER SIBLINGS BY REP_NO DESC
			)  A
		)  B
		WHERE RNUM BETWEEN #{startRow} AND #{endRow}
	</select>
	<update id="updateReply" parameterType="ReplyVO">
		UPDATE REPLY
		SET
			REP_CONTENT = #{rep_content}
		WHERE REP_NO = #{rep_no} AND REP_PASS = #{rep_pass}
	</update>
<!-- 	<delete id="deleteReply" parameterType="ReplyVO"> -->
<!-- 		DELETE FROM REPLY -->
<!-- 		WHERE REP_NO = #{rep_no} AND REP_PASS = #{rep_pass} -->
<!-- 	</delete> -->
<!-- 	계층 구조상의 덧글을 모두 지움. -->
	<delete id="deleteReply" parameterType="ReplyVO">
		DELETE FROM REPLY 
        WHERE REP_NO IN (
            SELECT REP_NO 
            FROM REPLY
            START WITH REP_NO = #{rep_no} AND REP_PASS = #{rep_pass}
            CONNECT BY PRIOR REP_NO = REP_PARENT
        )
	</delete>
</mapper>




