<?xml version="1.0" encoding="UTF-8"?>
<!DOCTYPE mapper PUBLIC "-//mybatis.org//DTD Mapper 3.0//EN" "http://mybatis.org/dtd/mybatis-3-mapper.dtd">
<mapper namespace="kr.or.ddit.board.dao.IBoardDAO">
	<sql id="searchFrag">
		<where>
			<if test="searchVO!=null and @org.apache.commons.lang3.StringUtils@isNotBlank(searchVO.searchWord)">
				<choose>
					<when test="'title'.equals(searchVO.searchType)">
						INSTR(BO_TITLE, #{searchVO.searchWord}) > 0
					</when>
					<when test="'writer'.equals(searchVO.searchType)">
						INSTR(BO_WRITER, #{searchVO.searchWord}) > 0
					</when>
					<when test="'content'.equals(searchVO.searchType)">
						INSTR(BO_CONTENT, #{searchVO.searchWord}) > 0
					</when>
					<otherwise>
						INSTR(BO_CONTENT, #{searchVO.searchWord}) > 0
						OR INSTR(BO_WRITER, #{searchVO.searchWord}) > 0
						OR INSTR(BO_TITLE, #{searchVO.searchWord}) > 0
					</otherwise>
				</choose>
			</if>
		</where>
	</sql>
	<select id="selectBoardCount" parameterType="PagingVO" resultType="int">
		SELECT COUNT(*)
		FROM BOARD
		<include refid="searchFrag" />
	</select>
	<select id="selectBoardList" parameterType="PagingVO" resultType="BoardVO">
		WITH REPLYCNT AS
		(
		    SELECT BO_NO, COUNT(REP_NO) REP_CNT
		    FROM REPLY
		    GROUP BY BO_NO
		)
		SELECT B.*
		FROM (
			SELECT ROWNUM RNUM, A.*
			FROM (
				SELECT
				    A.BO_NO,    BO_TITLE,	BO_WRITER,    TO_CHAR(BO_DATE, 'YYYY-MM-DD HH:MI') BO_DATE,    
				    BO_HIT,		BO_REC,    BO_PARENT, NVL(REP_CNT, 0) REP_CNT
				FROM BOARD A LEFT OUTER JOIN REPLYCNT B ON (A.BO_NO = B.BO_NO)
				<include refid="searchFrag" />
				ORDER BY A.BO_NO DESC
			) A
		) B
		WHERE RNUM BETWEEN #{startRow} AND #{endRow}
	</select>
	
	<insert id="insertBoard" parameterType="BoardVO">
		<selectKey order="BEFORE" keyProperty="bo_no" resultType="int">
			SELECT NVL(MAX(BO_NO), 0)+1
			FROM BOARD
		</selectKey>
		INSERT INTO board (
		    BO_NO,    BO_CONTENT,    
		    BO_TITLE, BO_WRITER,   
		    BO_PASS,    BO_IP,
		    BO_MAIL
		) VALUES (
		  	#{bo_no,jdbcType=NUMERIC},    #{bo_content,jdbcType=CLOB},    
		  	#{bo_title,jdbcType=VARCHAR}, #{bo_writer,jdbcType=VARCHAR},   
		  	#{bo_pass,jdbcType=VARCHAR},    #{bo_ip,jdbcType=VARCHAR},
		    #{bo_mail,jdbcType=VARCHAR}
		)
	</insert>
	
<!-- 	<resultMap type="BoardVO" id="boardMap" autoMapping="true"> -->
<!-- 		<id property="bo_no" column="BO_NO" /> -->
<!-- 		<association property="attatch" javaType="AttatchVO" autoMapping="true"/> -->
<!-- 		<collection property=""></collection>		 -->
<!-- 	</resultMap> -->
	
<!-- 	<select id="selecBoard" parameterType="string" resultMap="boardMap"> -->
<!-- 	SELECT  -->
<!-- 			A.BO_NO, A.BO_CONTENT, A.BO_TITLE, -->
<!-- 			A.BO_WRITER, B.ATT_SAVENAME -->
<!-- 	   FROM BOARD A , ATTATCH B -->
<!-- 		WHERE A.BO_NO = B.BO_NO -->
			
<!-- 	</select> -->
</mapper>