<?xml version="1.0" encoding="UTF-8"?>
<!DOCTYPE mapper PUBLIC "-//mybatis.org//DTD Mapper 3.0//EN" "http://mybatis.org/dtd/mybatis-3-mapper.dtd">
<mapper namespace="kr.or.ddit.buyer.dao.IBuyerDAO">
	<sql id="fromClause">
		FROM BUYER INNER JOIN LPROD ON (PROD_LGU = LPROD_GU)
		                INNER JOIN PROD ON (PROD_BUYER = BUYER_ID)
	</sql>
	
	<sql id="searchFrag">
		<trim prefix=" WHERE " prefixOverrides="AND">
			<if test="searchDetail!=null">
				<if test="@org.apache.commons.lang3.StringUtils@isNotBlank(searchDetail.buyer_name)">
					AND	INSTR(BUYER_NAME, #{searchDetail.buyer_name}) > 0
				</if>
			</if>
		</trim>
	</sql>
	
	
	<select id="selectBuyerCount" parameterType="PagingVO" resultType="int">
		SELECT COUNT(*)
		FROM BUYER
	</select>
	
	<select id="selectBuyerList" parameterType="PagingVO" resultType="BuyerVO">
		SELECT A.*
		FROM(
				SELECT BUYER_ID, BUYER_NAME, BUYER_LGU, BUYER_BANK, BUYER_BANKNO
		        ,BUYER_BANKNAME, BUYER_CHARGER
		        , ROWNUM RNUM
		        FROM BUYER
		        ORDER BY BUYER_LGU ASC, BUYER_ID DESC
     )A
        WHERE RNUM BETWEEN #{startRow} AND #{endRow}
	</select>
	
	
	
	
	
	
	
	
	
	
	
	
	
	
	
	
	
	
	
	
	
</mapper>