<?xml version="1.0" encoding="UTF-8"?>
<!DOCTYPE mapper PUBLIC "-//mybatis.org//DTD Mapper 3.0//EN" "http://mybatis.org/dtd/mybatis-3-mapper.dtd">
<mapper namespace="kr.or.ddit.buyer.dao.IBuyerDAO">
	<sql id="fromClause">
		FROM BUYER INNER JOIN LPROD ON (PROD_LGU = LPROD_GU)
		                INNER JOIN PROD ON (PROD_BUYER = BUYER_ID)
	</sql>
	
	<sql id="searchFrag">
		<trim prefix=" WHERE " prefixOverrides="AND">
			<if test="searchDetail!=null">
				<if test="@org.apache.commons.lang3.StringUtils@isNotBlank(searchDetail.buyer_name)">
					INSTR(BUYER_NAME, #{searchDetail.buyer_name}) > 0
				</if>
			</if>
		</trim>
	</sql>
	
	
	<select id="selectBuyerCount" parameterType="PagingVO" resultType="int">
		SELECT COUNT(*)
		FROM BUYER
	</select>
	
	<select id="selectBuyerList" parameterType="PagingVO" resultType="BuyerVO">
		SELECT A.*
		FROM(
				SELECT BUYER_ID, BUYER_NAME, BUYER_LGU, BUYER_BANK, BUYER_BANKNO
		        ,BUYER_BANKNAME, BUYER_CHARGER
		        , ROWNUM RNUM
		        FROM BUYER
		        ORDER BY BUYER_LGU ASC, BUYER_ID DESC
     )A
        WHERE RNUM BETWEEN #{startRow} AND #{endRow}
	</select>
	
	<insert id="insertBuyer" parameterType="BuyerVO">
		<selectKey order="BEFORE" resultType="string" keyProperty="buyer_id">
		SELECT #{buyer_lgu}||LPAD(TO_NUMBER(NVL(SUBSTR(MAX(BUYER_ID),5),'0'))+1,6,'0')
		FROM BUYER
		WHERE BUYER_LGU = #{buyer_lgu};
		</selectKey>
		INSERT INTO BUYER(
			BUYER_ID,
			BUYER_NAME,
			BUYER_LGU,
			BUYER_BANK,
			BUYER_BANKNO,
			BUYER_BANKNAME,
			BUYER_ZIP,
			BUYER_ADD1,
			BUYER_ADD2,
			BUYER_COMTEL,
			BUYER_FAX,
			BUYER_MAIL,
			BUYER_CHARGER,
			BUYER_TELEXT
		) VALUES (
			#{buyer_id,jdbcType=VARCHAR},
			#{buyer_name,jdbcType=VARCHAR},
			#{buyer_lgu,jdbcType=VARCHAR},
			#{buyer_bank,jdbcType=VARCHAR},
			#{buyer_bankno,jdbcType=VARCHAR},
			#{buyer_bankname,jdbcType=VARCHAR},
			#{buyer_zip,jdbcType=VARCHAR},
			#{buyer_add1,jdbcType=VARCHAR},
			#{buyer_add2,jdbcType=VARCHAR},
			#{buyer_comtel,jdbcType=VARCHAR},
			#{buyer_fax,jdbcType=VARCHAR},
			#{buyer_mail,jdbcType=VARCHAR},
			#{buyer_charger,jdbcType=VARCHAR},
			#{buyer_telext,jdbcType=VARCHAR}
		)
	</insert>
	
	
	
	
	
	
	
	
	
	
	
	
	
	
	
	
	
	
	
	
</mapper>