<?xml version="1.0" encoding="UTF-8"?>
<!DOCTYPE mapper PUBLIC "-//mybatis.org//DTD Mapper 3.0//EN" "http://mybatis.org/dtd/mybatis-3-mapper.dtd">
<mapper namespace="kr.or.ddit.board.dao.IReplyDAO">
	<insert id="insertReply" parameterType="ReplyVO">
		<selectKey keyProperty="rep_no" resultType="int" order="BEFORE">
			SELECT NVL(MAX(REP_NO), 0) + 1 FROM REPLY
		</selectKey>
		INSERT INTO reply (
		    REP_NO,		    REP_WRITER,		    REP_DATE,
		    REP_PASS,		    REP_CONTENT,		    BO_NO,
		    REP_IP
		) VALUES (
		    #{rep_no,jdbcType=NUMERIC},		    #{rep_writer,jdbcType=VARCHAR},		    SYSDATE,
		    #{rep_pass,jdbcType=VARCHAR},		#{rep_content,jdbcType=VARCHAR},		#{bo_no,jdbcType=NUMERIC},
		    #{rep_ip,jdbcType=VARCHAR}
		)
	</insert>
	<select id="selectReplyCount" parameterType="PagingVO" resultType="int">
		SELECT COUNT(*) FROM REPLY
		WHERE BO_NO = #{searchDetail.bo_no}  
	</select>
	<select id="selectReplyList" parameterType="PagingVO" resultType="ReplyVO">
		SELECT B.*
		FROM (
			SELECT A.*, ROWNUM RNUM 
			FROM (
				SELECT
					REP_NO,		    REP_WRITER,		    REP_DATE,
				    REP_CONTENT,		    BO_NO, REP_IP
				FROM REPLY
				WHERE BO_NO = #{searchDetail.bo_no}  
				ORDER BY REP_NO DESC
			)  A
		)  B
		WHERE RNUM BETWEEN #{startRow} AND #{endRow}
	</select>
	<update id="updateReply" parameterType="ReplyVO">
		UPDATE REPLY
		SET
			REP_CONTENT = #{rep_content}
		WHERE REP_NO = #{rep_no} AND REP_PASS = #{rep_pass}
	</update>
	<delete id="deleteReply" parameterType="ReplyVO">
		DELETE FROM REPLY
		WHERE REP_NO = #{rep_no} AND REP_PASS = #{rep_pass}
	</delete>
</mapper>




