<?xml version="1.0" encoding="UTF-8"?>
<beans:beans xmlns="http://www.springframework.org/schema/mvc"
	xmlns:beans="http://www.springframework.org/schema/beans"
	xmlns:xsi="http://www.w3.org/2001/XMLSchema-instance"
	xmlns:c="http://www.springframework.org/schema/c"
	xmlns:context="http://www.springframework.org/schema/context"
	xmlns:p="http://www.springframework.org/schema/p"
	xmlns:security="http://www.springframework.org/schema/security"
	xsi:schemaLocation="http://www.springframework.org/schema/security http://www.springframework.org/schema/security/spring-security-4.2.xsd
		http://www.springframework.org/schema/mvc http://www.springframework.org/schema/mvc/spring-mvc-4.3.xsd
		http://www.springframework.org/schema/beans http://www.springframework.org/schema/beans/spring-beans.xsd
		http://www.springframework.org/schema/context http://www.springframework.org/schema/context/spring-context-4.3.xsd">

	<annotation-driven validator="validator" >
		<argument-resolvers>
			<beans:bean class="org.springframework.security.web.method.annotation.AuthenticationPrincipalArgumentResolver"></beans:bean>
		</argument-resolvers>
	</annotation-driven>
	
<!-- 	<resources location="/resources/" mapping="/resources/**" cache-period="0"></resources> -->
	<default-servlet-handler/>
	
	<beans:bean id="IRVR" class="org.springframework.web.servlet.view.InternalResourceViewResolver" 
		p:prefix="/WEB-INF/views/"
		p:suffix=".jsp"
	/>
	
	<beans:bean class="org.springframework.web.servlet.view.tiles3.TilesConfigurer" 
		p:definitions="/WEB-INF/tiles/*.xml"
	/>
	<beans:bean id="TVR" class="org.springframework.web.servlet.view.tiles3.TilesViewResolver" 
		p:order="2"
	/>
	
	<beans:bean id="BNVR" class="org.springframework.web.servlet.view.BeanNameViewResolver" 
		p:order="1"
	/>
	
	<beans:bean id="jsonView" class="org.springframework.web.servlet.view.json.MappingJackson2JsonView" />
	
	<beans:bean id="downloadView" class="kr.or.ddit.board.view.DownloadView" />

	<context:component-scan base-package="kr.or.ddit" use-default-filters="false">
		<context:include-filter type="annotation" expression="org.springframework.stereotype.Controller"/>
		<context:include-filter type="annotation" expression="org.springframework.web.bind.annotation.ControllerAdvice"/>
	</context:component-scan>
	
<!-- 	FileUploadCheckFilter : MultipartResolver -->
<!-- 	FileUploadRequestWrapper : MultipartHttpServletRequest -->
<!-- 	MultipartFile : MultipartFile  -->
	
	<beans:bean id="multipartResolver" class="org.springframework.web.multipart.support.StandardServletMultipartResolver" />
	
<!-- 	i18n , l10n 지원 -->
	<beans:bean id="messageSource" class="org.springframework.context.support.ResourceBundleMessageSource" 
		p:basename="kr.or.ddit.msg.message"
	/>
	
	<beans:bean id="localeResolver" class="org.springframework.web.servlet.i18n.CookieLocaleResolver" 
		p:cookieName="localeCookie"
		p:cookiePath="/"
		p:cookieMaxAge="#{60*60*24*7}"
	/>
	
	<interceptors>
		<interceptor>
			<mapping path="/**"/>
			<beans:bean class="org.springframework.web.servlet.i18n.LocaleChangeInterceptor" 
				p:paramName="lang"
			/>
		</interceptor>
	</interceptors>
	
<!-- 	객체 검증 및 메시지 관련 -->
	<beans:bean id="errorMessageSource" class="org.springframework.context.support.ResourceBundleMessageSource" 
		p:basename="kr.or.ddit.msg.errorMessage"
	/>
	<beans:bean id="validator" class="org.springframework.validation.beanvalidation.LocalValidatorFactoryBean"
		p:validationMessageSource-ref="errorMessageSource"
	/>
	
	<view-controller path="/guestBook.do" view-name="book/guestBook"/>
	
	<security:global-method-security 
		pre-post-annotations="enabled"
		proxy-target-class="true"
	/>
</beans:beans>












