<?xml version="1.0" encoding="UTF-8"?>
<beans:beans 
	xmlns="http://www.springframework.org/schema/mvc"
	xmlns:beans="http://www.springframework.org/schema/beans"
	xmlns:xsi="http://www.w3.org/2001/XMLSchema-instance"
	xmlns:c="http://www.springframework.org/schema/c"
	xmlns:context="http://www.springframework.org/schema/context"
	xmlns:p="http://www.springframework.org/schema/p"
	xsi:schemaLocation="http://www.springframework.org/schema/beans http://www.springframework.org/schema/beans/spring-beans.xsd
		http://www.springframework.org/schema/context http://www.springframework.org/schema/context/spring-context-4.3.xsd
		http://www.springframework.org/schema/mvc http://www.springframework.org/schema/mvc/spring-mvc-4.3.xsd">

	<annotation-driven validator="validator" />
	
<!-- 	<resources location="/resource/" mapping="/resources/**" cache-period="0"></resources> -->
	
<!-- 	일괄적인 캐시 설정이 불가능 -->
	<default-servlet-handler/>
	
	<beans:bean id="IRVR" class="org.springframework.web.servlet.view.InternalResourceViewResolver" 
		p:prefix="/WEB-INF/views/"
		p:suffix=".jsp"
	/>
	
	<beans:bean class="org.springframework.web.servlet.view.tiles3.TilesConfigurer" 
		p:definitions="/WEB-INF/tiles/*.xml"
	/>
	<beans:bean id="TVR" class="org.springframework.web.servlet.view.tiles3.TilesViewResolver" 
		p:order="2"
	/>
	
	<beans:bean id="BNVR" class="org.springframework.web.servlet.view.BeanNameViewResolver" 
		p:order="1"
	/>
	
	<beans:bean id="jsonView" class="org.springframework.web.servlet.view.json.MappingJackson2JsonView" />

	<context:component-scan base-package="kr.or.ddit" use-default-filters="false">
		<context:include-filter type="annotation" expression="org.springframework.stereotype.Controller"/>
		<context:include-filter type="annotation" expression="org.springframework.web.bind.annotation.ControllerAdvice"/>
	</context:component-scan>
	
	<!--  파일 업로드 체크 필터 등록   -->
<!-- 	FileUploadCheckFilter : MultipartResolver  -->
<!-- 	FileUploadRequestWrapper  : MultipartHttpServletRequest -->
<!-- 	MultipartFile : MultipartFile --> 
	<beans:bean id="multipartResolver" class="org.springframework.web.multipart.support.StandardServletMultipartResolver" />


	<!-- 	i18n 지원 , l10n 지원 -->
	<beans:bean id="messageSource" class="org.springframework.context.support.ResourceBundleMessageSource"
		p:basename="kr.or.ddit.msg.message"
	/>
	
	<beans:bean id="localeResolver" class="org.springframework.web.servlet.i18n.CookieLocaleResolver" 
		p:cookieName="localeCookie"
		p:cookiePath="/"
		p:cookieMaxAge="#{60*60*24*7}"
	/>
	
	<interceptors>
		<interceptor>
			<mapping path="/**" />
			<beans:bean class="org.springframework.web.servlet.i18n.LocaleChangeInterceptor" 
				p:paramName="lang"
			/>
		</interceptor>
	</interceptors>
	
	
	<!-- 객체 검증 및 메시지 관련  -->
	<beans:bean id="errorMessageSource" class="org.springframework.context.support.ResourceBundleMessageSource"
		p:basename="kr.or.ddit.msg.errorMessage"
	 />
	<beans:bean id="validator" class="org.springframework.validation.beanvalidation.LocalValidatorFactoryBean"
		p:validationMessageSource-ref="errorMessageSource"
	
	 />
	
	
	
	
	
</beans:beans>












