<?xml version="1.0" encoding="UTF-8" ?>
<!DOCTYPE configuration
  PUBLIC "-//mybatis.org//DTD Config 3.0//EN"
  "http://mybatis.org/dtd/mybatis-3-config.dtd">
<configuration>
  <properties resource="kr/or/ddit/db/dbInfo.properties" />
  <settings>
  	<setting name="autoMappingBehavior" value="FULL"/>
  	<setting name="mapUnderscoreToCamelCase" value="true"/>
  </settings>
  <typeAliases>
  	<package name="kr.or.ddit.vo"/>
  </typeAliases>
  <environments default="development">
    <environment id="development">
      <transactionManager type="JDBC"/>
      <dataSource type="POOLED">
        <property name="driver" value="${driverClassName}"/>
        <property name="url" value="${url}"/>
        <property name="username" value="${user}"/>
        <property name="password" value="${password}"/>
      </dataSource>
    </environment>
  </environments>
  <mappers>
  	<mapper resource="kr/or/ddit/db/mybatis/mappers/Alba.xml"/>
  	<mapper resource="kr/or/ddit/db/mybatis/mappers/License.xml"/>
  	<mapper resource="kr/or/ddit/db/mybatis/mappers/Code.xml"/>
  	<mapper resource="kr/or/ddit/db/mybatis/mappers/SearchZip.xml"/>
  </mappers>
</configuration>














