<?xml version="1.0" encoding="UTF-8"?>
<!DOCTYPE tiles-definitions PUBLIC "-//Apache Software Foundation//DTD Tiles Configuration 3.0//EN" "http://tiles.apache.org/dtds/tiles-config_3_0.dtd" >
<tiles-definitions>
  <definition name="parent" template="/WEB-INF/views/template.jsp">
  	<put-attribute name="preScript" value="/includee/preScript.jsp"/>
  	<put-attribute name="footer" value="/includee/footer.jsp"/>
  </definition>
  
  <definition name="index" extends="parent">
  	<put-attribute name="contents" value="/WEB-INF/views/index.jsp" />
  </definition>
  <definition name="alba/*" extends="parent">
  	<put-attribute name="contents" value="/WEB-INF/views/alba/{1}.jsp" />
  </definition>
</tiles-definitions>












