<?xml version="1.0" encoding="UTF-8"?>
<!DOCTYPE configuration PUBLIC "-//mybatis.org//DTD Config 3.0//EN" "http://mybatis.org/dtd/mybatis-3-config.dtd" >
<configuration>
	<properties resource="kr/or/ddit/db/dbInfo.properties" />
	<typeAliases>
		<package name="kr.or.ddit.vo"/>
	</typeAliases>
	<environments default="dev">
		<environment id="dev">
			<transactionManager type="JDBC" />
			<dataSource type="POOLED">
				<property name="driver" value="${driverClassName}"/>
				<property name="url" value="${url}"/>
				<property name="username" value="${user}"/>
				<property name="password" value="${password}"/>
			</dataSource>
		</environment>
	</environments>
	<mappers>
		<mapper resource="kr/or/ddit/db/mybatis/mappers/Member.xml"/>
		<mapper resource="kr/or/ddit/db/mybatis/mappers/Prod.xml"/>
		<mapper resource="kr/or/ddit/db/mybatis/mappers/Others.xml"/>
		<mapper resource="kr/or/ddit/db/mybatis/mappers/SearchZip.xml"/>
		<mapper resource="kr/or/ddit/db/mybatis/mappers/DBProp.xml"/>
		<mapper resource="kr/or/ddit/db/mybatis/mappers/Buyer.xml"/>
		<mapper resource="kr/or/ddit/db/mybatis/mappers/Board.xml"/>
		<mapper resource="kr/or/ddit/db/mybatis/mappers/Attatch.xml"/>
	</mappers>
</configuration>