<?xml version="1.0" encoding="UTF-8"?>
<beans xmlns="http://www.springframework.org/schema/beans"
	xmlns:xsi="http://www.w3.org/2001/XMLSchema-instance"
	xmlns:aop="http://www.springframework.org/schema/aop"
	xmlns:c="http://www.springframework.org/schema/c"
	xmlns:p="http://www.springframework.org/schema/p"
	xmlns:tx="http://www.springframework.org/schema/tx"
	xsi:schemaLocation="http://www.springframework.org/schema/beans http://www.springframework.org/schema/beans/spring-beans.xsd
		http://www.springframework.org/schema/aop http://www.springframework.org/schema/aop/spring-aop-4.3.xsd
		http://www.springframework.org/schema/tx http://www.springframework.org/schema/tx/spring-tx-4.3.xsd">


	<aop:aspectj-autoproxy></aop:aspectj-autoproxy>
	
	<tx:annotation-driven transaction-manager="transactionManager"/>
	
<!-- 	<tx:advice id="txAdvice" transaction-manager="transactionManager"> -->
<!-- 		<tx:attributes> -->
<!-- 			<tx:method name="retrieve*" read-only="true"/> -->
<!-- 			<tx:method name="*" propagation="REQUIRED" />		 -->
<!-- 		</tx:attributes> -->
<!-- 	</tx:advice> -->
<!-- 	<aop:config> -->
<!-- 		<aop:advisor advice-ref="txAdvice" pointcut="execution(* kr.or.ddit..service.*.*(..))"/> -->
<!-- 	</aop:config> -->
</beans>



















