<?xml version="1.0" encoding="UTF-8"?>
<beans:beans 
	xmlns="http://www.springframework.org/schema/security"
	xmlns:beans="http://www.springframework.org/schema/beans"
	xmlns:xsi="http://www.w3.org/2001/XMLSchema-instance"
	xmlns:c="http://www.springframework.org/schema/c"
	xmlns:p="http://www.springframework.org/schema/p"
	xsi:schemaLocation="http://www.springframework.org/schema/beans http://www.springframework.org/schema/beans/spring-beans.xsd
		http://www.springframework.org/schema/security http://www.springframework.org/schema/security/spring-security-4.2.xsd">

<!-- 	인증 구조 : authenticationManager -->
<!-- 	인가 구조 : accessDecisionVoter -->

	<beans:bean id="passwordEncoder" class="org.springframework.security.crypto.password.DelegatingPasswordEncoder">
		<beans:constructor-arg name="idForEncode" value="bcrypt" />
		<beans:constructor-arg name="idToPasswordEncoder">
			<beans:map>
				<beans:entry key="bcrypt">
					<beans:bean class="org.springframework.security.crypto.bcrypt.BCryptPasswordEncoder"></beans:bean>
				</beans:entry>
				<beans:entry key="sha256">
					<beans:bean class="org.springframework.security.crypto.password.MessageDigestPasswordEncoder" 
						c:algorithm="SHA-256"
					/>
				</beans:entry>
			</beans:map>
		</beans:constructor-arg>
	</beans:bean>

	<authentication-manager id="authenticationManager">
		<authentication-provider user-service-ref="customUserService" >
			<password-encoder ref="passwordEncoder" />
		</authentication-provider>
	</authentication-manager>

	<http authentication-manager-ref="authenticationManager"
		auto-config="true"
		use-expressions="true"
	>
		<form-login 
			login-page="/login/loginForm.do"
			username-parameter="mem_id"
			password-parameter="mem_pass"
			login-processing-url="/login/loginProcess.do"
			always-use-default-target="true"
			default-target-url="/"
		/>
		
		<logout logout-url="/login/logout.do" invalidate-session="true" logout-success-url="/"/>
		
		<csrf disabled="true"/>
		
<!-- 		<intercept-url pattern="/mypage.do" access="isAuthenticated()"/> -->
<!-- 		<intercept-url pattern="/member/memberList.do" access="hasRole('ROLE_ADMIN')"/> -->
	</http>
	
	<global-method-security 
		pre-post-annotations="enabled"
	/>
</beans:beans>
















