<?xml version="1.0" encoding="UTF-8"?>
<beans:beans xmlns="http://www.springframework.org/schema/security"
   xmlns:beans="http://www.springframework.org/schema/beans"
   xmlns:xsi="http://www.w3.org/2001/XMLSchema-instance"
   xmlns:c="http://www.springframework.org/schema/c"
   xmlns:p="http://www.springframework.org/schema/p"
   xsi:schemaLocation="http://www.springframework.org/schema/security http://www.springframework.org/schema/security/spring-security-4.2.xsd
      http://www.springframework.org/schema/beans http://www.springframework.org/schema/beans/spring-beans.xsd">

<!--    인증 구조 : authenticationManager -->
<!--    인가 구조 : accessDecisionVoter -->
   
   <!-- 비밀번호 인코더 -->
   <beans:bean id="passwordEncoder" class="org.springframework.security.crypto.password.DelegatingPasswordEncoder" >
         <beans:constructor-arg name="idForEncode" value="bcrypt"/>
         <beans:constructor-arg name="idToPasswordEncoder">
            <beans:map>
               <beans:entry key="bcrypt">
                  <beans:bean class="org.springframework.security.crypto.bcrypt.BCryptPasswordEncoder"></beans:bean>
               </beans:entry>
               <beans:entry key="sha256">
                  <beans:bean class="org.springframework.security.crypto.password.MessageDigestPasswordEncoder"
                     c:algorithm="SHA-256"
                  />
               </beans:entry>
            </beans:map>
         </beans:constructor-arg>
   </beans:bean>

   <beans:bean id="authenticationProvider" class="org.springframework.security.authentication.dao.DaoAuthenticationProvider"
        p:userDetailsService-ref="customUserService"
        p:passwordEncoder-ref="passwordEncoder"
        p:hideUserNotFoundExceptions="false"
   />
   <!-- 인증 구조 --> <!--authentication-provider가 DB에서 가져오는것  -->
   <authentication-manager id="authenticationManager">
      <authentication-provider ref="authenticationProvider" />
   </authentication-manager>
   
   
   <!-- i18n(국제화) , l10n(지역화)지원 -->
   <beans:bean id="messageSource" class="org.springframework.context.support.ResourceBundleMessageSource"
      p:basenames="kr.or.ddit.msg.message,org.springframework.security.messages"
   />  <!-- basename은 클래스패스이후 로케일,확장자X 따라서 클라이언트로케일을따라 읽는다 -->
   
   <!-- 위에 등록된 모든메세지를 접근할수이도록 빈등록 -->
   <beans:bean id="messageSourceAccessor" class="org.springframework.context.support.MessageSourceAccessor"
      c:messageSource-ref="messageSource"
   />
   
   <!-- 로케일이 어딘가 저장되어있는지 정보제공해주기위해 - 없으면 터짐 -->
   <beans:bean id="localeResolver" class="org.springframework.web.servlet.i18n.CookieLocaleResolver"
      p:cookieName="localeCookie"
      p:cookiePath="/"  
      p:cookieMaxAge="#{60*60*24*7}"
   />
   
   <!-- 국제화 필터 커스텀으로 만듬  -->
   <beans:bean id="i18nSupportFilter" class="kr.or.ddit.filter.I18nSupportFilter"></beans:bean>
   
   
   <beans:bean id="customAuthenticationSuccessHandler" class="kr.or.ddit.security.CustomAuthenticationSuccessHandler"
         p:defaultTargetUrl="/"
         p:alwaysUseDefaultTargetUrl="true"
   />
   <!-- 연계성을 갖고 있다. -->
   <!-- auto-config="true" security에서 만든  LUI 도 있다. -->
   <!-- 로그인 하는 태그 시큐리티에서 loginform 형식도 제공해준다.  -->
   <http authentication-manager-ref="authenticationManager"
      auto-config="true"  
     use-expressions="true"
   >
      <form-login
         login-page = "/login/loginForm.do"
         username-parameter="mem_id"
         password-parameter="mem_pass"
         login-processing-url="/login/loginProcess.do"
         authentication-success-handler-ref="customAuthenticationSuccessHandler"
      />
      
      <logout logout-url="/login/logout.do" invalidate-session="true" logout-success-url="/"/>
      
      <csrf disabled="true"/>
      
<!--       <intercept-url pattern="/mypage.do" access="isAuthenticated()"/> -->
<!--       <intercept-url pattern="/member/memberList.do" access="hasRole('ROLE_ADMIN')"/> -->
      
      <remember-me remember-me-parameter="rememberMe" remember-me-cookie="rememberMeCookie"/>
      
      <custom-filter ref="i18nSupportFilter" before="FIRST"/>
   </http>
   
   <global-method-security
         pre-post-annotations="enabled"
   />
   
</beans:beans>