<?xml version="1.0" encoding="UTF-8"?>
<beans xmlns="http://www.springframework.org/schema/beans"
	xmlns:xsi="http://www.w3.org/2001/XMLSchema-instance"
	xmlns:c="http://www.springframework.org/schema/c"
	xmlns:p="http://www.springframework.org/schema/p"
	default-init-method="init" default-destroy-method="destroy"
	default-lazy-init="default"
	xmlns:util="http://www.springframework.org/schema/util"
	xsi:schemaLocation="http://www.springframework.org/schema/beans http://www.springframework.org/schema/beans/spring-beans.xsd
		http://www.springframework.org/schema/util http://www.springframework.org/schema/util/spring-util-4.3.xsd">

	<bean id="vo1" class="kr.or.ddit.vo.CollectionDIVO" >
		<constructor-arg name="list">
			<list>
				<value>value1</value>
				<value>value2</value>
			</list>
		</constructor-arg>
		<constructor-arg name="set">
			<set>
				<bean class="kr.or.ddit.vo.VariousDIVO" />
				<value>value2</value>
			</set>
		</constructor-arg>
		<constructor-arg name="map">
			<map>
				<entry key="key1">
					<bean class="java.util.Date" />
				</entry>
				<entry key="key2" value="value2"/>
			</map>
		</constructor-arg>
		<constructor-arg name="props">
			<props>
				<prop key="prop1">propValue1</prop>
				<prop key="prop2">propValue2</prop>
			</props>
		</constructor-arg>
		<constructor-arg name="array">
			<array>
				<value>element1</value>
				<value>element2</value>
			</array>
		</constructor-arg>
	</bean>
	
	<util:list id="list" list-class="java.util.LinkedList" value-type="java.lang.String" scope="singleton">
			<value>value1</value>
			<value>value2</value>
	</util:list>
	
	<util:set id="set">
		<bean class="kr.or.ddit.vo.VariousDIVO" />
		<value>value2</value>
	</util:set>
	
	
	<util:map id="map">
		<entry key="key1">
			<bean class="java.util.Date" />
		</entry>
		<entry key="key2" value="value2"/>
	</util:map>
	
	<util:properties id="props" location="classpath:kr/or/ddit/various/dbInfo.properties">
		<prop key="prop1">propValue1</prop>
		<prop key="prop2">propValue2</prop>
	</util:properties>
	
	<bean id="stringArray" class="kr.or.ddit.vo.StringArrayFactoryBean"></bean>
	
	<bean id="vo2" class="kr.or.ddit.vo.CollectionDIVO"
		p:list-ref="list"
		p:set-ref="set"
		p:map-ref="map"
		p:props-ref="props"
		p:array-ref="stringArray"
	/>
	
	<bean id="vo3" class="kr.or.ddit.vo.CollectionDIVO" 
		c:list-ref="list"
		c:set-ref="set"
		c:map-ref="map"
		c:props-ref="props"
		c:array-ref="stringArray"
	/>	





</beans>





